id1,id2
0,1
1,0
1,2
2,1
2,3
3,2
3,4
4,3
4,5
5,4
5,6
6,5
6,7
7,6
7,8
8,7
8,9
9,8
9,10
10,9
10,11
11,10
11,12
12,11
12,13
13,12
13,14
14,13
14,15
15,14
15,16
16,15
16,17
17,16
17,18
18,17
18,19
19,18
19,20
20,19
20,21
21,20
21,22
22,21
22,23
23,22
23,24
24,23
24,25
25,24
25,26
26,25
26,27
27,26
27,28
28,27
28,29
28,50
28,109
29,28
29,30
29,49
30,29
30,31
30,48
31,30
31,32
32,31
32,33
32,46
33,32
33,34
33,35
34,33
34,35
35,33
35,34
35,36
36,35
36,37
36,114
37,36
37,38
37,115
38,37
38,39
39,38
39,40
39,117
40,39
40,41
41,40
41,42
41,83
41,84
42,41
42,43
43,42
43,44
43,82
44,43
44,45
45,44
45,46
45,80
46,32
46,45
46,47
47,46
47,48
47,78
48,30
48,47
48,49
49,29
49,48
49,50
50,28
50,49
50,51
51,50
51,52
52,51
52,53
53,52
53,54
54,53
54,55
54,98
55,54
55,56
56,55
56,57
57,56
57,58
57,96
58,57
58,59
59,58
59,60
59,94
60,59
60,61
61,60
61,62
61,92
62,61
62,63
63,62
63,64
64,63
64,65
65,64
65,66
66,65
66,67
67,66
67,68
68,67
68,69
68,70
69,68
69,70
70,68
70,69
70,71
71,70
71,72
72,71
72,73
73,72
73,74
74,73
74,75
75,74
75,76
76,75
76,77
77,76
77,78
78,47
78,77
78,79
79,78
79,80
80,45
80,79
80,81
81,80
81,82
82,43
82,81
82,83
83,41
83,82
83,84
84,41
84,83
84,85
85,84
85,86
86,85
86,87
87,86
87,88
88,87
88,89
89,88
89,90
90,89
90,91
91,90
91,92
91,113
92,61
92,91
92,93
93,92
93,94
93,111
94,59
94,93
94,95
95,94
95,96
95,108
96,57
96,95
96,97
97,96
97,98
97,105
98,54
98,97
98,99
99,98
99,100
100,99
100,101
101,100
101,102
102,101
102,103
103,102
103,104
104,103
104,105
105,97
105,104
105,106
106,105
106,107
107,106
107,108
108,95
108,107
108,109
109,28
109,108
109,110
110,109
110,111
111,93
111,110
111,112
112,111
112,113
113,91
113,112
113,114
114,36
114,113
114,115
115,37
115,114
115,116
115,203
116,115
116,117
117,39
117,116
117,118
117,205
118,117
118,119
118,206
118,207
119,118
119,120
119,206
120,119
120,121
120,206
121,120
121,122
122,121
122,123
122,207
123,122
123,124
123,145
124,123
124,125
125,124
125,126
125,143
126,125
126,127
127,126
127,128
127,130
127,141
128,127
128,129
128,130
129,128
129,130
130,127
130,128
130,129
130,131
131,130
131,132
131,214
132,131
132,133
132,215
133,132
133,134
134,133
134,135
134,217
135,134
135,136
136,135
136,137
136,183
136,184
137,136
137,138
138,137
138,139
138,182
139,138
139,140
140,139
140,141
140,180
141,127
141,140
141,142
142,141
142,143
142,178
143,125
143,142
143,144
144,143
144,145
144,176
145,123
145,144
145,146
146,145
146,147
146,174
147,146
147,148
148,147
148,149
149,148
149,150
150,149
150,151
150,168
151,150
151,152
151,167
151,168
152,151
152,153
152,196
153,152
153,154
153,165
154,153
154,155
154,194
155,154
155,156
155,163
156,155
156,157
156,192
157,156
157,158
158,157
158,159
159,158
159,160
160,159
160,161
161,160
161,162
162,161
162,163
163,155
163,162
163,164
164,163
164,165
165,153
165,164
165,166
166,165
166,167
167,151
167,166
167,168
168,150
168,151
168,167
168,169
169,168
169,170
170,169
170,171
170,175
171,170
171,172
172,171
172,173
173,172
173,174
174,146
174,173
174,175
175,170
175,174
175,176
176,144
176,175
176,177
177,176
177,178
178,142
178,177
178,179
179,178
179,180
180,140
180,179
180,181
181,180
181,182
182,138
182,181
182,183
182,184
183,136
183,182
183,184
184,136
184,182
184,183
184,185
185,184
185,186
186,185
186,187
187,186
187,188
188,187
188,189
189,188
189,190
190,189
190,191
191,190
191,192
191,213
192,156
192,191
192,193
193,192
193,194
194,154
194,193
194,195
195,194
195,196
196,152
196,195
196,197
197,196
197,198
197,205
198,197
198,199
199,198
199,200
200,199
200,201
201,200
201,202
202,201
202,203
203,115
203,202
203,204
204,203
204,205
205,117
205,197
205,204
205,206
206,118
206,119
206,120
206,205
206,207
207,118
207,122
207,206
207,208
208,207
208,209
209,208
209,210
210,209
210,211
211,210
211,212
212,211
212,213
213,191
213,212
213,214
214,131
214,213
214,215
215,132
215,214
215,216
215,301
216,215
216,217
217,134
217,216
217,218
217,303
218,217
218,219
218,304
218,305
219,218
219,220
220,219
220,221
220,304
221,220
221,222
222,221
222,223
222,305
223,222
223,224
223,245
224,223
224,225
225,224
225,226
225,243
226,225
226,227
227,226
227,228
227,230
227,241
228,227
228,229
228,230
229,228
229,230
230,227
230,228
230,229
230,231
231,230
231,232
231,312
232,231
232,233
232,313
233,232
233,234
234,233
234,235
234,315
235,234
235,236
236,235
236,237
236,283
237,236
237,238
238,237
238,239
238,282
238,283
239,238
239,240
240,239
240,241
240,280
241,227
241,240
241,242
241,279
242,241
242,243
242,278
243,225
243,242
243,244
244,243
244,245
244,276
245,223
245,244
245,246
246,245
246,247
246,274
247,246
247,248
248,247
248,249
249,248
249,250
250,249
250,251
251,250
251,252
251,266
252,251
252,253
252,294
253,252
253,254
253,264
254,253
254,255
254,292
255,254
255,256
255,262
256,255
256,257
256,290
257,256
257,258
258,257
258,259
259,258
259,260
260,259
260,261
261,260
261,262
262,255
262,261
262,263
263,262
263,264
264,253
264,263
264,265
265,264
265,266
266,251
266,265
266,267
267,266
267,268
268,267
268,269
269,268
269,270
269,275
270,269
270,271
271,270
271,272
272,271
272,273
273,272
273,274
274,246
274,273
274,275
275,269
275,274
275,276
276,244
276,275
276,277
277,276
277,278
278,242
278,277
278,279
279,241
279,278
279,280
280,240
280,279
280,281
281,280
281,282
282,238
282,281
282,283
283,236
283,238
283,282
283,284
284,283
284,285
285,284
285,286
286,285
286,287
287,286
287,288
287,313
288,287
288,289
289,288
289,290
289,311
290,256
290,289
290,291
291,290
291,292
292,254
292,291
292,293
293,292
293,294
294,252
294,293
294,295
295,294
295,296
295,303
296,295
296,297
297,296
297,298
298,297
298,299
299,298
299,300
300,299
300,301
301,215
301,300
301,302
302,301
302,303
303,217
303,295
303,302
303,304
304,218
304,220
304,303
304,305
305,218
305,222
305,304
305,306
306,305
306,307
307,306
307,308
308,307
308,309
309,308
309,310
310,309
310,311
311,289
311,310
311,312
312,231
312,311
312,313
313,232
313,287
313,312
313,314
314,313
314,315
315,234
315,314
315,316
316,315
316,317
317,316
317,318
318,317
318,319
319,318
319,320
320,319
320,321
321,320
321,322
322,321
322,323
323,322
323,324
324,323
324,325
325,324
325,326
326,325
326,327
327,326
327,328
328,327
328,329
329,328
329,330
330,329
330,331
331,330
331,332
332,331
332,333
333,332
333,334
334,333
334,335
335,334
335,336
336,335
336,337
337,336
337,338
338,337
338,339
339,338
339,340
340,339
340,341
341,340
341,342
342,341
342,343
343,342
343,344
344,343
344,345
345,344
345,346
346,345
346,347
347,346
347,348
348,347
348,349
349,348
349,350
350,349
350,351
351,350
351,352
352,351
352,353
353,352
353,354
354,353
354,355
355,354
355,356
356,355
356,357
357,356
357,358
358,357
358,359
358,361
359,358
359,360
360,359
360,361
361,358
361,360
361,362
361,364
362,361
362,363
363,362
363,364
364,361
364,363
364,365
365,364
365,366
366,365
366,367
367,366
367,368
368,367
368,369
369,368
369,370
370,369
370,371
371,370
371,372
372,371
372,373
373,372
373,374
374,373
374,375
375,374
375,376
376,375
376,377
377,376
377,378
378,377
378,379
379,378
379,380
380,379
380,381
381,380
381,382
382,381
382,383
383,382
383,384
384,383
384,385
385,384
385,386
386,385
386,387
387,386
387,388
388,387
388,389
389,388
389,390
390,389
390,391
391,390
391,392
392,391
392,393
393,392
393,394
394,393
394,395
395,394
395,396
396,395
396,397
397,396
397,398
398,397
398,399
399,398
399,400
400,399
400,401
401,400
401,402
402,401
402,403
403,402
403,404
404,403
404,405
405,404
405,406
406,405
406,407
407,406
407,408
408,407
408,409
409,408
409,410
410,409
410,411
411,410
411,412
412,411
412,413
413,412
413,414
414,413
414,415
415,414
415,416
416,415
416,417
417,416
417,418
418,417
418,419
419,418
419,420
420,419
420,421
421,420
421,422
422,421
422,423
423,422
423,424
424,423
424,425
425,424
425,426
426,425
426,427
427,426
427,428
428,427
428,429
429,428
429,430
430,429
430,431
431,430
431,432
432,431
432,433
433,432
433,434
434,433
434,435
435,434
435,436
436,435
436,437
437,436
437,438
438,437
438,439
439,438
439,440
440,439
