node_id,protein_id_flag,protein_id,Ligand Target,Ligand Prediction,Ligand Prediction Probability
0,0,KI3L1_HUMAN,0,0,0.0009089859
1,0,KI3L1_HUMAN,0,0,0.0033627413
2,0,KI3L1_HUMAN,0,0,0.0024807635
3,0,KI3L1_HUMAN,0,0,0.0022180362
4,0,KI3L1_HUMAN,0,0,0.0041103605
5,0,KI3L1_HUMAN,0,0,0.00657567
6,0,KI3L1_HUMAN,0,0,0.009281405
7,0,KI3L1_HUMAN,0,0,0.0048107505
8,0,KI3L1_HUMAN,0,0,0.012420964
9,0,KI3L1_HUMAN,0,0,0.009275468
10,0,KI3L1_HUMAN,0,0,0.009073114
11,0,KI3L1_HUMAN,0,0,0.014468461
12,0,KI3L1_HUMAN,0,0,0.0045612366
13,0,KI3L1_HUMAN,0,0,0.001846495
14,0,KI3L1_HUMAN,0,0,0.0026835962
15,0,KI3L1_HUMAN,0,0,0.003813968
16,0,KI3L1_HUMAN,0,0,0.0020690928
17,0,KI3L1_HUMAN,0,0,0.00097048783
18,0,KI3L1_HUMAN,0,0,0.007976764
19,0,KI3L1_HUMAN,0,0,0.023354717
20,0,KI3L1_HUMAN,0,0,0.0067926976
21,0,KI3L1_HUMAN,0,0,0.001473126
22,0,KI3L1_HUMAN,0,0,0.0022898992
23,0,KI3L1_HUMAN,0,0,0.012890503
24,0,KI3L1_HUMAN,0,0,0.020039
25,0,KI3L1_HUMAN,0,0,0.0052252933
26,0,KI3L1_HUMAN,0,0,0.012892531
27,0,KI3L1_HUMAN,0,0,0.04795958
28,0,KI3L1_HUMAN,0,0,0.049514413
29,0,KI3L1_HUMAN,0,0,0.058253434
30,0,KI3L1_HUMAN,0,0,0.08750747
31,0,KI3L1_HUMAN,0,0,0.06591924
32,0,KI3L1_HUMAN,0,0,0.045259394
33,0,KI3L1_HUMAN,0,0,0.01620849
34,0,KI3L1_HUMAN,0,0,0.024486931
35,0,KI3L1_HUMAN,0,0,0.048370905
36,0,KI3L1_HUMAN,0,0,0.05496653
37,0,KI3L1_HUMAN,0,0,0.063102074
38,0,KI3L1_HUMAN,0,0,0.07179863
39,0,KI3L1_HUMAN,0,0,0.0526334
40,0,KI3L1_HUMAN,0,0,0.012636368
41,0,KI3L1_HUMAN,0,0,0.0315485
42,0,KI3L1_HUMAN,0,0,0.070378244
43,0,KI3L1_HUMAN,0,0,0.036466245
44,0,KI3L1_HUMAN,0,0,0.06813251
45,0,KI3L1_HUMAN,0,0,0.034656182
46,0,KI3L1_HUMAN,0,0,0.05846993
47,0,KI3L1_HUMAN,0,0,0.033664662
48,0,KI3L1_HUMAN,0,0,0.04514502
49,0,KI3L1_HUMAN,0,0,0.029533863
50,0,KI3L1_HUMAN,0,0,0.01807299
51,0,KI3L1_HUMAN,0,0,0.002454922
52,0,KI3L1_HUMAN,0,0,0.0042273463
53,0,KI3L1_HUMAN,0,0,0.004014589
54,0,KI3L1_HUMAN,0,0,0.026409537
55,0,KI3L1_HUMAN,0,0,0.02039561
56,0,KI3L1_HUMAN,0,0,0.042189926
57,0,KI3L1_HUMAN,0,0,0.052375555
58,0,KI3L1_HUMAN,0,0,0.052505784
59,0,KI3L1_HUMAN,0,0,0.06023153
60,0,KI3L1_HUMAN,0,0,0.04104799
61,0,KI3L1_HUMAN,0,0,0.048261333
62,0,KI3L1_HUMAN,0,0,0.016955715
63,0,KI3L1_HUMAN,0,0,0.008062394
64,0,KI3L1_HUMAN,0,0,0.001402841
65,0,KI3L1_HUMAN,0,0,0.0031380462
66,0,KI3L1_HUMAN,0,0,0.0027059724
67,0,KI3L1_HUMAN,0,0,0.009874372
68,0,KI3L1_HUMAN,0,0,0.026577126
69,0,KI3L1_HUMAN,0,0,0.021704892
70,0,KI3L1_HUMAN,0,0,0.018286902
71,0,KI3L1_HUMAN,0,0,0.0066255536
72,0,KI3L1_HUMAN,0,0,0.012755819
73,0,KI3L1_HUMAN,0,0,0.002765472
74,0,KI3L1_HUMAN,0,0,0.012043324
75,0,KI3L1_HUMAN,0,0,0.0070976987
76,0,KI3L1_HUMAN,0,0,0.013597534
77,0,KI3L1_HUMAN,0,0,0.018555487
78,0,KI3L1_HUMAN,0,0,0.019180631
79,0,KI3L1_HUMAN,0,0,0.008816464
80,0,KI3L1_HUMAN,0,0,0.014456235
81,0,KI3L1_HUMAN,0,0,0.0070295
82,0,KI3L1_HUMAN,0,0,0.014028758
83,0,KI3L1_HUMAN,0,0,0.025814993
84,0,KI3L1_HUMAN,0,0,0.019097045
85,0,KI3L1_HUMAN,0,0,0.028367296
86,0,KI3L1_HUMAN,0,0,0.040736165
87,0,KI3L1_HUMAN,0,0,0.03538686
88,0,KI3L1_HUMAN,0,0,0.046327874
89,0,KI3L1_HUMAN,0,0,0.048229367
90,0,KI3L1_HUMAN,0,0,0.054490246
91,0,KI3L1_HUMAN,0,0,0.03165029
92,0,KI3L1_HUMAN,0,0,0.041530702
93,0,KI3L1_HUMAN,0,0,0.019827317
94,0,KI3L1_HUMAN,0,0,0.033776935
95,0,KI3L1_HUMAN,0,0,0.027163161
96,0,KI3L1_HUMAN,0,0,0.027786322
97,0,KI3L1_HUMAN,0,0,0.010018288
98,0,KI3L1_HUMAN,0,0,0.027641796
99,0,KI3L1_HUMAN,0,0,0.021798655
100,0,KI3L1_HUMAN,0,0,0.010887207
101,0,KI3L1_HUMAN,0,0,0.025495626
102,0,KI3L1_HUMAN,0,0,0.02024041
103,0,KI3L1_HUMAN,0,0,0.013681974
104,0,KI3L1_HUMAN,0,0,0.022102278
105,0,KI3L1_HUMAN,0,0,0.01119682
106,0,KI3L1_HUMAN,0,0,0.003613016
107,0,KI3L1_HUMAN,0,0,0.011429166
108,0,KI3L1_HUMAN,0,0,0.018570622
109,0,KI3L1_HUMAN,0,0,0.0075094006
110,0,KI3L1_HUMAN,0,0,0.006158474
111,0,KI3L1_HUMAN,0,0,0.015476165
112,0,KI3L1_HUMAN,0,0,0.015945207
113,0,KI3L1_HUMAN,0,0,0.021376267
114,0,KI3L1_HUMAN,0,0,0.014854724
115,0,KI3L1_HUMAN,0,0,0.018838417
116,0,KI3L1_HUMAN,0,0,0.073318
117,0,KI3L1_HUMAN,0,0,0.05896095
118,0,KI3L1_HUMAN,0,0,0.039587103
119,0,KI3L1_HUMAN,0,0,0.03018727
120,0,KI3L1_HUMAN,0,0,0.023631401
121,0,KI3L1_HUMAN,0,0,0.014708863
122,0,KI3L1_HUMAN,0,0,0.03837663
123,0,KI3L1_HUMAN,0,0,0.087333165
124,0,KI3L1_HUMAN,0,0,0.11051774
125,0,KI3L1_HUMAN,0,0,0.053632885
126,0,KI3L1_HUMAN,0,0,0.04191915
127,0,KI3L1_HUMAN,0,0,0.048133448
128,0,KI3L1_HUMAN,0,0,0.034930393
129,0,KI3L1_HUMAN,0,0,0.02317145
130,0,KI3L1_HUMAN,0,0,0.03967371
131,0,KI3L1_HUMAN,0,0,0.04869984
132,0,KI3L1_HUMAN,0,0,0.033641987
133,0,KI3L1_HUMAN,0,0,0.06637154
134,0,KI3L1_HUMAN,0,0,0.06495206
135,0,KI3L1_HUMAN,0,0,0.039184358
136,0,KI3L1_HUMAN,0,0,0.033619918
137,0,KI3L1_HUMAN,0,0,0.037025742
138,0,KI3L1_HUMAN,0,0,0.031187024
139,0,KI3L1_HUMAN,0,0,0.072831795
140,0,KI3L1_HUMAN,0,0,0.042811327
141,0,KI3L1_HUMAN,0,0,0.06055836
142,0,KI3L1_HUMAN,0,0,0.037329495
143,0,KI3L1_HUMAN,0,0,0.055398263
144,0,KI3L1_HUMAN,0,0,0.037765905
145,0,KI3L1_HUMAN,0,0,0.06794379
146,0,KI3L1_HUMAN,0,0,0.040470876
147,0,KI3L1_HUMAN,0,0,0.040252563
148,0,KI3L1_HUMAN,0,0,0.040749133
149,0,KI3L1_HUMAN,0,0,0.081376486
150,0,KI3L1_HUMAN,0,0,0.059823003
151,0,KI3L1_HUMAN,0,0,0.060600694
152,0,KI3L1_HUMAN,0,0,0.05088773
153,0,KI3L1_HUMAN,0,0,0.059329472
154,0,KI3L1_HUMAN,0,0,0.048075724
155,0,KI3L1_HUMAN,0,0,0.06224041
156,0,KI3L1_HUMAN,0,0,0.05085669
157,0,KI3L1_HUMAN,0,0,0.037569094
158,0,KI3L1_HUMAN,0,0,0.028345723
159,0,KI3L1_HUMAN,0,0,0.007082961
160,0,KI3L1_HUMAN,0,0,0.005738952
161,0,KI3L1_HUMAN,0,0,0.005899032
162,0,KI3L1_HUMAN,0,0,0.0142164165
163,0,KI3L1_HUMAN,0,0,0.0328084
164,0,KI3L1_HUMAN,0,0,0.02580972
165,0,KI3L1_HUMAN,0,0,0.01914086
166,0,KI3L1_HUMAN,0,0,0.022923503
167,0,KI3L1_HUMAN,0,0,0.028953727
168,0,KI3L1_HUMAN,0,0,0.033772632
169,0,KI3L1_HUMAN,0,0,0.016066436
170,0,KI3L1_HUMAN,0,0,0.017771047
171,0,KI3L1_HUMAN,0,0,0.016363041
172,0,KI3L1_HUMAN,0,0,0.017567944
173,0,KI3L1_HUMAN,0,0,0.02626964
174,0,KI3L1_HUMAN,0,0,0.027551077
175,0,KI3L1_HUMAN,0,0,0.01652987
176,0,KI3L1_HUMAN,0,0,0.020944517
177,0,KI3L1_HUMAN,0,0,0.0075106644
178,0,KI3L1_HUMAN,0,0,0.015094308
179,0,KI3L1_HUMAN,0,0,0.0074278684
180,0,KI3L1_HUMAN,0,0,0.014615109
181,0,KI3L1_HUMAN,0,0,0.0066507333
182,0,KI3L1_HUMAN,0,0,0.01815871
183,0,KI3L1_HUMAN,0,0,0.035575174
184,0,KI3L1_HUMAN,0,0,0.024543328
185,0,KI3L1_HUMAN,0,0,0.031694897
186,0,KI3L1_HUMAN,0,0,0.03875189
187,0,KI3L1_HUMAN,0,0,0.030459834
188,0,KI3L1_HUMAN,0,0,0.03872672
189,0,KI3L1_HUMAN,0,0,0.04369465
190,0,KI3L1_HUMAN,0,0,0.046354767
191,0,KI3L1_HUMAN,0,0,0.019799074
192,0,KI3L1_HUMAN,0,0,0.042526208
193,0,KI3L1_HUMAN,0,0,0.024972904
194,0,KI3L1_HUMAN,0,0,0.023819935
195,0,KI3L1_HUMAN,0,0,0.007343435
196,0,KI3L1_HUMAN,0,0,0.014724448
197,0,KI3L1_HUMAN,0,0,0.0054710805
198,0,KI3L1_HUMAN,0,0,0.02226369
199,0,KI3L1_HUMAN,0,0,0.011053473
200,0,KI3L1_HUMAN,0,0,0.0076526846
201,0,KI3L1_HUMAN,0,0,0.026805192
202,0,KI3L1_HUMAN,0,0,0.041973032
203,0,KI3L1_HUMAN,0,0,0.03087849
204,0,KI3L1_HUMAN,0,0,0.009438312
205,0,KI3L1_HUMAN,0,0,0.0071787518
206,0,KI3L1_HUMAN,0,0,0.026694685
207,0,KI3L1_HUMAN,0,0,0.03810131
208,0,KI3L1_HUMAN,0,0,0.005984981
209,0,KI3L1_HUMAN,0,0,0.0022376645
210,0,KI3L1_HUMAN,0,0,0.015149983
211,0,KI3L1_HUMAN,0,0,0.021353599
212,0,KI3L1_HUMAN,0,0,0.020631453
213,0,KI3L1_HUMAN,0,0,0.020191897
214,0,KI3L1_HUMAN,0,0,0.01644403
215,0,KI3L1_HUMAN,0,0,0.018312102
216,0,KI3L1_HUMAN,0,0,0.07169071
217,0,KI3L1_HUMAN,0,0,0.061154645
218,0,KI3L1_HUMAN,0,0,0.06346666
219,0,KI3L1_HUMAN,0,0,0.032327384
220,0,KI3L1_HUMAN,0,0,0.02417186
221,0,KI3L1_HUMAN,0,0,0.031867392
222,0,KI3L1_HUMAN,0,0,0.03344079
223,0,KI3L1_HUMAN,0,0,0.06276217
224,0,KI3L1_HUMAN,0,0,0.10760018
225,0,KI3L1_HUMAN,0,0,0.056506477
226,0,KI3L1_HUMAN,0,0,0.05821374
227,0,KI3L1_HUMAN,0,0,0.048391774
228,0,KI3L1_HUMAN,0,0,0.03687066
229,0,KI3L1_HUMAN,0,0,0.025981963
230,0,KI3L1_HUMAN,0,0,0.04042886
231,0,KI3L1_HUMAN,0,0,0.03846856
232,0,KI3L1_HUMAN,0,0,0.028009286
233,0,KI3L1_HUMAN,0,0,0.05484025
234,0,KI3L1_HUMAN,0,0,0.06309002
235,0,KI3L1_HUMAN,0,0,0.0665035
236,0,KI3L1_HUMAN,0,0,0.045808613
237,0,KI3L1_HUMAN,0,0,0.046063177
238,0,KI3L1_HUMAN,0,0,0.030632444
239,0,KI3L1_HUMAN,0,0,0.06407841
240,0,KI3L1_HUMAN,0,0,0.034505073
241,0,KI3L1_HUMAN,0,0,0.035869148
242,0,KI3L1_HUMAN,0,0,0.026646486
243,0,KI3L1_HUMAN,0,0,0.049330145
244,0,KI3L1_HUMAN,0,0,0.028944071
245,0,KI3L1_HUMAN,0,0,0.037256524
246,0,KI3L1_HUMAN,0,0,0.012751536
247,0,KI3L1_HUMAN,0,0,0.03989178
248,0,KI3L1_HUMAN,0,0,0.05497594
249,0,KI3L1_HUMAN,0,0,0.081068814
250,0,KI3L1_HUMAN,0,0,0.07310505
251,0,KI3L1_HUMAN,0,0,0.067167275
252,0,KI3L1_HUMAN,0,0,0.04923591
253,0,KI3L1_HUMAN,0,0,0.055348992
254,0,KI3L1_HUMAN,0,0,0.048819058
255,0,KI3L1_HUMAN,0,0,0.06724752
256,0,KI3L1_HUMAN,0,0,0.04687262
257,0,KI3L1_HUMAN,0,0,0.020632649
258,0,KI3L1_HUMAN,0,0,0.03267416
259,0,KI3L1_HUMAN,0,0,0.032072786
260,0,KI3L1_HUMAN,0,0,0.020103578
261,0,KI3L1_HUMAN,0,0,0.007670242
262,0,KI3L1_HUMAN,0,0,0.022924975
263,0,KI3L1_HUMAN,0,0,0.019685125
264,0,KI3L1_HUMAN,0,0,0.014616272
265,0,KI3L1_HUMAN,0,0,0.024190811
266,0,KI3L1_HUMAN,0,0,0.037274178
267,0,KI3L1_HUMAN,0,0,0.029014006
268,0,KI3L1_HUMAN,0,0,0.023981169
269,0,KI3L1_HUMAN,0,0,0.01194533
270,0,KI3L1_HUMAN,0,0,0.016544884
271,0,KI3L1_HUMAN,0,0,0.010371347
272,0,KI3L1_HUMAN,0,0,0.013212298
273,0,KI3L1_HUMAN,0,0,0.007940249
274,0,KI3L1_HUMAN,0,0,0.0196804
275,0,KI3L1_HUMAN,0,0,0.017998781
276,0,KI3L1_HUMAN,0,0,0.017221833
277,0,KI3L1_HUMAN,0,0,0.0057258485
278,0,KI3L1_HUMAN,0,0,0.011731302
279,0,KI3L1_HUMAN,0,0,0.009236822
280,0,KI3L1_HUMAN,0,0,0.011195816
281,0,KI3L1_HUMAN,0,0,0.0031294585
282,0,KI3L1_HUMAN,0,0,0.0049251653
283,0,KI3L1_HUMAN,0,0,0.017641421
284,0,KI3L1_HUMAN,0,0,0.020035028
285,0,KI3L1_HUMAN,0,0,0.020757025
286,0,KI3L1_HUMAN,0,0,0.01775326
287,0,KI3L1_HUMAN,0,0,0.027110133
288,0,KI3L1_HUMAN,0,0,0.049485344
289,0,KI3L1_HUMAN,0,0,0.026176104
290,0,KI3L1_HUMAN,0,0,0.046403266
291,0,KI3L1_HUMAN,0,0,0.027061604
292,0,KI3L1_HUMAN,0,0,0.03147082
293,0,KI3L1_HUMAN,0,0,0.008515841
294,0,KI3L1_HUMAN,0,0,0.015021014
295,0,KI3L1_HUMAN,0,0,0.005195546
296,0,KI3L1_HUMAN,0,0,0.016881077
297,0,KI3L1_HUMAN,0,0,0.0036189682
298,0,KI3L1_HUMAN,0,0,0.0052862572
299,0,KI3L1_HUMAN,0,0,0.015115145
300,0,KI3L1_HUMAN,0,0,0.006962302
301,0,KI3L1_HUMAN,0,0,0.027406493
302,0,KI3L1_HUMAN,0,0,0.02036083
303,0,KI3L1_HUMAN,0,0,0.0048493883
304,0,KI3L1_HUMAN,0,0,0.010454958
305,0,KI3L1_HUMAN,0,0,0.029907437
306,0,KI3L1_HUMAN,0,0,0.004761626
307,0,KI3L1_HUMAN,0,0,0.0023902361
308,0,KI3L1_HUMAN,0,0,0.015589813
309,0,KI3L1_HUMAN,0,0,0.021593867
310,0,KI3L1_HUMAN,0,0,0.019856602
311,0,KI3L1_HUMAN,0,0,0.01805907
312,0,KI3L1_HUMAN,0,0,0.015264394
313,0,KI3L1_HUMAN,0,0,0.011511652
314,0,KI3L1_HUMAN,0,0,0.019512674
315,0,KI3L1_HUMAN,0,0,0.008837492
316,0,KI3L1_HUMAN,0,0,0.009037396
317,0,KI3L1_HUMAN,0,0,0.010444958
318,0,KI3L1_HUMAN,0,0,0.015634742
319,0,KI3L1_HUMAN,0,0,0.015400819
320,0,KI3L1_HUMAN,0,0,0.014942211
321,0,KI3L1_HUMAN,0,0,0.011084656
322,0,KI3L1_HUMAN,0,0,0.002948495
323,0,KI3L1_HUMAN,0,0,0.0070279683
324,0,KI3L1_HUMAN,0,0,0.009685965
325,0,KI3L1_HUMAN,0,0,0.007843769
326,0,KI3L1_HUMAN,0,0,0.005277568
327,0,KI3L1_HUMAN,0,0,0.003835721
328,0,KI3L1_HUMAN,0,0,0.007955609
329,0,KI3L1_HUMAN,0,0,0.010033084
330,0,KI3L1_HUMAN,0,0,0.0061553563
331,0,KI3L1_HUMAN,0,0,0.002915381
332,0,KI3L1_HUMAN,0,0,0.011598355
333,0,KI3L1_HUMAN,0,0,0.01877168
334,0,KI3L1_HUMAN,0,0,0.010965462
335,0,KI3L1_HUMAN,0,0,0.0077920374
336,0,KI3L1_HUMAN,0,0,0.002914112
337,0,KI3L1_HUMAN,0,0,0.005310078
338,0,KI3L1_HUMAN,0,0,0.007889461
339,0,KI3L1_HUMAN,0,0,0.006267862
340,0,KI3L1_HUMAN,0,0,0.009806825
341,0,KI3L1_HUMAN,0,0,0.013015097
342,0,KI3L1_HUMAN,0,0,0.02064429
343,0,KI3L1_HUMAN,0,0,0.03378941
344,0,KI3L1_HUMAN,0,0,0.035831574
345,0,KI3L1_HUMAN,0,0,0.036999606
346,0,KI3L1_HUMAN,0,0,0.032467924
347,0,KI3L1_HUMAN,0,0,0.029519623
348,0,KI3L1_HUMAN,0,0,0.025919195
349,0,KI3L1_HUMAN,0,0,0.024499692
350,0,KI3L1_HUMAN,0,0,0.017732922
351,0,KI3L1_HUMAN,0,0,0.012393046
352,0,KI3L1_HUMAN,0,0,0.02021268
353,0,KI3L1_HUMAN,0,0,0.021479977
354,0,KI3L1_HUMAN,0,0,0.023312218
355,0,KI3L1_HUMAN,0,0,0.01973163
356,0,KI3L1_HUMAN,0,0,0.0092047425
357,0,KI3L1_HUMAN,0,0,0.008885959
358,0,KI3L1_HUMAN,0,0,0.016908571
359,0,KI3L1_HUMAN,0,0,0.019885799
360,0,KI3L1_HUMAN,0,0,0.012029367
361,0,KI3L1_HUMAN,0,0,0.01329479
362,0,KI3L1_HUMAN,0,0,0.0055433037
363,0,KI3L1_HUMAN,0,0,0.018839668
364,0,KI3L1_HUMAN,0,0,0.026720144
365,0,KI3L1_HUMAN,0,0,0.012087417
366,0,KI3L1_HUMAN,0,0,0.004732749
367,0,KI3L1_HUMAN,0,0,0.004727604
368,0,KI3L1_HUMAN,0,0,0.014422793
369,0,KI3L1_HUMAN,0,0,0.032501854
370,0,KI3L1_HUMAN,0,0,0.025351461
371,0,KI3L1_HUMAN,0,0,0.009796384
372,0,KI3L1_HUMAN,0,0,0.003743818
373,0,KI3L1_HUMAN,0,0,0.0038039188
374,0,KI3L1_HUMAN,0,0,0.0023348005
375,0,KI3L1_HUMAN,0,0,0.002634527
376,0,KI3L1_HUMAN,0,0,0.005989629
377,0,KI3L1_HUMAN,0,0,0.012924606
378,0,KI3L1_HUMAN,0,0,0.015830107
379,0,KI3L1_HUMAN,0,0,0.00326555
380,0,KI3L1_HUMAN,0,0,0.0010178427
381,0,KI3L1_HUMAN,0,0,0.0038824289
382,0,KI3L1_HUMAN,0,0,0.006929615
383,0,KI3L1_HUMAN,0,0,0.003512247
384,0,KI3L1_HUMAN,0,0,0.0038235644
385,0,KI3L1_HUMAN,0,0,0.0020459383
386,0,KI3L1_HUMAN,0,0,0.0031827884
387,0,KI3L1_HUMAN,0,0,0.0050874082
388,0,KI3L1_HUMAN,0,0,0.0025195463
389,0,KI3L1_HUMAN,0,0,0.0016330763
390,0,KI3L1_HUMAN,0,0,0.0016281243
391,0,KI3L1_HUMAN,0,0,0.0038065517
392,0,KI3L1_HUMAN,0,0,0.0055254325
393,0,KI3L1_HUMAN,0,0,0.0025194273
394,0,KI3L1_HUMAN,0,0,0.0022458408
395,0,KI3L1_HUMAN,0,0,0.0047647376
396,0,KI3L1_HUMAN,0,0,0.0039875144
397,0,KI3L1_HUMAN,0,0,0.0019201215
398,0,KI3L1_HUMAN,0,0,0.0043466445
399,0,KI3L1_HUMAN,0,0,0.001980457
400,0,KI3L1_HUMAN,0,0,0.0024002446
401,0,KI3L1_HUMAN,0,0,0.0028738976
402,0,KI3L1_HUMAN,0,0,0.0023881546
403,0,KI3L1_HUMAN,0,0,0.0042968076
404,0,KI3L1_HUMAN,0,0,0.0035898413
405,0,KI3L1_HUMAN,0,0,0.001846509
406,0,KI3L1_HUMAN,0,0,0.0028902958
407,0,KI3L1_HUMAN,0,0,0.0011354107
408,0,KI3L1_HUMAN,0,0,0.0006822939
409,0,KI3L1_HUMAN,0,0,0.0009920778
410,0,KI3L1_HUMAN,0,0,0.0026865678
411,0,KI3L1_HUMAN,0,0,0.003091417
412,0,KI3L1_HUMAN,0,0,0.0014107855
413,0,KI3L1_HUMAN,0,0,0.004540855
414,0,KI3L1_HUMAN,0,0,0.0050129676
415,0,KI3L1_HUMAN,0,0,0.0015888701
416,0,KI3L1_HUMAN,0,0,0.0010470139
417,0,KI3L1_HUMAN,0,0,0.0027931035
418,0,KI3L1_HUMAN,0,0,0.0018501403
419,0,KI3L1_HUMAN,0,0,0.004511449
420,0,KI3L1_HUMAN,0,0,0.0067849415
421,0,KI3L1_HUMAN,0,0,0.0067686
422,0,KI3L1_HUMAN,0,0,0.0055145323
423,0,KI3L1_HUMAN,0,0,0.0045797634
424,0,KI3L1_HUMAN,0,0,0.0050470354
425,0,KI3L1_HUMAN,0,0,0.004281779
426,0,KI3L1_HUMAN,0,0,0.002594474
427,0,KI3L1_HUMAN,0,0,0.001582776
428,0,KI3L1_HUMAN,0,0,0.003638854
429,0,KI3L1_HUMAN,0,0,0.0022106366
430,0,KI3L1_HUMAN,0,0,0.0027252275
431,0,KI3L1_HUMAN,0,0,0.004635439
432,0,KI3L1_HUMAN,0,0,0.0037647882
433,0,KI3L1_HUMAN,0,0,0.0054509984
434,0,KI3L1_HUMAN,0,0,0.0023363777
435,0,KI3L1_HUMAN,0,0,0.0024594343
436,0,KI3L1_HUMAN,0,0,0.0009943184
437,0,KI3L1_HUMAN,0,0,0.0034051281
438,0,KI3L1_HUMAN,0,0,0.002236775
439,0,KI3L1_HUMAN,0,0,0.004273538
440,0,KI3L1_HUMAN,0,0,0.006108413
