id1,id2,edge_length,edge_cosine_angle,edge_sequence_distance
0,1,3.84057758240543,0.999176887019151,-1
1,0,3.84057758240543,0.999176887019151,1
1,2,3.8614412582458204,0.999524760044076,-1
2,1,3.8614412582458204,0.999524760044076,1
2,3,3.8549723904068243,0.9985733447000001,-1
3,2,3.8549723904068243,0.9985733447000001,1
3,4,3.7688233467949415,0.9977164285512006,-1
4,3,3.7688233467949415,0.9977164285512006,1
4,5,3.8106300492912784,0.9996443564416017,-1
5,4,3.8106300492912784,0.9996443564416017,1
5,6,3.8037736892068215,0.9973781366769847,-1
6,5,3.8037736892068215,0.9973781366769847,1
6,7,3.8536912103153163,0.9973605740373014,-1
7,6,3.8536912103153163,0.9973605740373014,1
7,8,3.870421945423299,0.9980898821351741,-1
8,7,3.870421945423299,0.9980898821351741,1
8,9,3.879185642099494,0.9982512230255133,-1
9,8,3.879185642099494,0.9982512230255133,1
9,10,3.883132968702832,0.9955194871935067,-1
10,9,3.883132968702832,0.9955194871935067,1
10,11,3.8763995770737774,0.9957202365963482,-1
11,10,3.8763995770737774,0.9957202365963482,1
11,12,3.872649040757791,0.9996767404682698,-1
12,11,3.872649040757791,0.9996767404682698,1
12,13,3.8812929746136544,0.9949913082582627,-1
13,12,3.8812929746136544,0.9949913082582627,1
13,14,3.8486344699074158,0.9943474946640691,-1
14,13,3.8486344699074158,0.9943474946640691,1
14,15,3.77830413877625,0.9978208294931205,-1
15,14,3.77830413877625,0.9978208294931205,1
15,16,3.7450565024184495,0.9934551208633373,-1
16,15,3.7450565024184495,0.9934551208633373,1
16,17,3.772517957531663,0.9985834021601788,-1
17,16,3.772517957531663,0.9985834021601788,1
17,18,3.8021987454014763,0.9937445798749891,-1
18,17,3.8021987454014763,0.9937445798749891,1
18,19,3.7557702377861943,0.995375022043443,-1
19,18,3.7557702377861943,0.995375022043443,1
19,20,3.8345464191878267,0.9924840718345261,-1
20,19,3.8345464191878267,0.9924840718345261,1
20,21,3.8116841761000697,0.9988115990541622,-1
21,20,3.8116841761000697,0.9988115990541622,1
21,22,3.841346573163824,0.9935414130801826,-1
22,21,3.841346573163824,0.9935414130801826,1
22,23,3.8458277977586275,0.9993903075237515,-1
23,22,3.8458277977586275,0.9993903075237515,1
23,24,3.854136973696186,0.9943853517219523,-1
24,23,3.854136973696186,0.9943853517219523,1
24,25,3.8280590334721127,0.9955622763385683,-1
25,24,3.8280590334721127,0.9955622763385683,1
25,26,3.9031626935863075,0.9946293142444484,-1
26,25,3.9031626935863075,0.9946293142444484,1
26,27,3.8777486229774256,0.999008586171261,-1
27,26,3.8777486229774256,0.999008586171261,1
27,28,3.883608541263505,0.9948874224081918,-1
28,27,3.883608541263505,0.9948874224081918,1
28,29,3.8501757519229227,0.9997887632377516,-1
28,50,4.964698815974483,0.9889008820396021,-22
28,109,4.907555886153499,0.989672431173795,-81
29,28,3.8501757519229227,0.9997887632377516,1
29,30,3.83483455193785,0.9927908447130155,-1
29,49,4.985779681121381,0.9870953856646957,-20
30,29,3.83483455193785,0.9927908447130155,1
30,31,3.83718759860791,0.9963062178061695,-1
30,48,4.483456399259589,0.9939402469070377,-18
31,30,3.83718759860791,0.9963062178061695,1
31,32,3.8334083898572078,0.9888355312405157,-1
32,31,3.8334083898572078,0.9888355312405157,1
32,33,3.8307206311744424,0.9834820410705561,-1
32,46,4.576195483108108,0.9978482168665499,-14
33,32,3.8307206311744424,0.9834820410705561,1
33,34,3.0063577774437964,0.9951235278967181,-1
33,35,4.940370508920457,0.9909621917205912,-2
34,33,3.0063577774437964,0.9951235278967181,1
34,35,3.863554893085195,0.9810365000439356,-1
35,33,4.940370508920457,0.9909621917205912,2
35,34,3.863554893085195,0.9810365000439356,1
35,36,3.8279771309690953,0.9768525817432179,-1
36,35,3.8279771309690953,0.9768525817432179,1
36,37,3.875665731960262,0.9810922475028107,-1
36,114,4.843442757958337,0.9827720881031489,-78
37,36,3.875665731960262,0.9810922475028107,1
37,38,3.821012562388474,0.9817267095322113,-1
37,115,4.794029725867083,0.9798711961923264,-78
38,37,3.821012562388474,0.9817267095322113,1
38,39,3.847343355795687,0.9769689463613777,-1
39,38,3.847343355795687,0.9769689463613777,1
39,40,3.8307896798915944,0.998053730714444,-1
39,117,4.589065892159447,0.9669954491994055,-78
40,39,3.8307896798915944,0.998053730714444,1
40,41,3.8467335632930055,0.9902926888444163,-1
41,40,3.8467335632930055,0.9902926888444163,1
41,42,3.858962455254552,0.9905153562370133,-1
41,83,4.6141257826548765,0.9905199016733495,-42
41,84,4.8603746139400945,0.9804508629429785,-43
42,41,3.858962455254552,0.9905153562370133,1
42,43,3.823503871959294,0.9866643823802217,-1
43,42,3.823503871959294,0.9866643823802217,1
43,44,3.813413243629659,0.9859248425130398,-1
43,82,4.629815848506902,0.9981324745716926,-39
44,43,3.813413243629659,0.9859248425130398,1
44,45,3.7944661821303165,0.9921579584748732,-1
45,44,3.7944661821303165,0.9921579584748732,1
45,46,3.796882078238992,0.988914712775927,-1
45,80,4.312100050982852,0.9957925043900423,-35
46,32,4.576195483108108,0.9978482168665499,14
46,45,3.796882078238992,0.988914712775927,1
46,47,3.840475062988993,0.9914557140981863,-1
47,46,3.840475062988993,0.9914557140981863,1
47,48,3.7987508248574957,0.9945693695789172,-1
47,78,4.277974742747729,0.9943041969713347,-31
48,30,4.483456399259589,0.9939402469070377,18
48,47,3.7987508248574957,0.9945693695789172,1
48,49,3.8116421154125724,0.9919140014633281,-1
49,29,4.985779681121381,0.9870953856646957,20
49,48,3.8116421154125724,0.9919140014633281,1
49,50,3.8032702226281185,0.997606214802379,-1
50,28,4.964698815974483,0.9889008820396021,22
50,49,3.8032702226281185,0.997606214802379,1
50,51,3.8737322922337962,0.9954376541664466,-1
51,50,3.8737322922337962,0.9954376541664466,1
51,52,3.8698214209605406,0.9991449708755034,-1
52,51,3.8698214209605406,0.9991449708755034,1
52,53,3.888224720280848,0.9969328658328843,-1
53,52,3.888224720280848,0.9969328658328843,1
53,54,3.8463258755451286,0.996212113332297,-1
54,53,3.8463258755451286,0.996212113332297,1
54,55,3.825119121250802,0.9958091759822936,-1
54,98,4.9251653395719535,0.9970437385330134,-44
55,54,3.825119121250802,0.9958091759822936,1
55,56,3.816357751417361,0.9958367604906871,-1
56,55,3.816357751417361,0.9958367604906871,1
56,57,3.8047340005711976,0.9989214123991575,-1
57,56,3.8047340005711976,0.9989214123991575,1
57,58,3.808932390704372,0.9944374850485082,-1
57,96,4.549752935984795,0.9926175279703583,-39
58,57,3.808932390704372,0.9944374850485082,1
58,59,3.805078717893148,0.9984088937742613,-1
59,58,3.805078717893148,0.9984088937742613,1
59,60,3.8259977930713904,0.9930184108899649,-1
59,94,4.509301254883427,0.9904489419652075,-35
60,59,3.8259977930713904,0.9930184108899649,1
60,61,3.831821879334179,0.9947054965580097,-1
61,60,3.831821879334179,0.9947054965580097,1
61,62,3.840716151079929,0.9922802824627045,-1
61,92,4.5535999112028,0.9943743039943475,-31
62,61,3.840716151079929,0.9922802824627045,1
62,63,3.883069021970049,0.9927111344110846,-1
63,62,3.883069021970049,0.9927111344110846,1
63,64,3.9179039347395888,0.9984562267533721,-1
64,63,3.9179039347395888,0.9984562267533721,1
64,65,3.824755935808396,0.9960943953355617,-1
65,64,3.824755935808396,0.9960943953355617,1
65,66,3.785743468233065,0.9950167820137358,-1
66,65,3.785743468233065,0.9950167820137358,1
66,67,3.869220136284691,0.9947885930052869,-1
67,66,3.869220136284691,0.9947885930052869,1
67,68,3.7857890263013116,0.9953896851556779,-1
68,67,3.7857890263013116,0.9953896851556779,1
68,69,3.8627830477986347,0.9959329462301288,-1
68,70,4.857873113232364,0.9912119827664694,-2
69,68,3.8627830477986347,0.9959329462301288,1
69,70,3.7879268415712453,0.9956605398053073,-1
70,68,4.857873113232364,0.9912119827664694,2
70,69,3.7879268415712453,0.9956605398053073,1
70,71,3.8456374158798097,0.9995489544168824,-1
71,70,3.8456374158798097,0.9995489544168824,1
71,72,3.8506663645960595,0.9957048527119666,-1
72,71,3.8506663645960595,0.9957048527119666,1
72,73,3.8113683237801657,0.9956758656251139,-1
73,72,3.8113683237801657,0.9956758656251139,1
73,74,3.8189344681629236,0.9981479238799081,-1
74,73,3.8189344681629236,0.9981479238799081,1
74,75,3.818564175309253,0.9953179542872442,-1
75,74,3.818564175309253,0.9953179542872442,1
75,76,3.837891094509853,0.9993000426478312,-1
76,75,3.837891094509853,0.9993000426478312,1
76,77,3.814787790872799,0.9965874018826822,-1
77,76,3.814787790872799,0.9965874018826822,1
77,78,3.8619484168903586,0.9958804109027538,-1
78,47,4.277974742747729,0.9943041969713347,31
78,77,3.8619484168903586,0.9958804109027538,1
78,79,3.837080908255236,0.9918702434736305,-1
79,78,3.837080908255236,0.9918702434736305,1
79,80,3.8337229255747785,0.992534610673339,-1
80,45,4.312100050982852,0.9957925043900423,35
80,79,3.8337229255747785,0.992534610673339,1
80,81,3.850175651280815,0.9912795043225705,-1
81,80,3.850175651280815,0.9912795043225705,1
81,82,3.8386310950579556,0.9899778993741143,-1
82,43,4.629815848506902,0.9981324745716926,39
82,81,3.8386310950579556,0.9899778993741143,1
82,83,2.9948336790851964,0.9939160809732838,-1
83,41,4.6141257826548765,0.9905199016733495,42
83,82,2.9948336790851964,0.9939160809732838,1
83,84,3.837164129155534,0.9925578846128813,-1
84,41,4.8603746139400945,0.9804508629429785,43
84,83,3.837164129155534,0.9925578846128813,1
84,85,3.8529002475336966,0.9900378839695272,-1
85,84,3.8529002475336966,0.9900378839695272,1
85,86,3.854087284220336,0.9890430334945268,-1
86,85,3.854087284220336,0.9890430334945268,1
86,87,3.847566804746427,0.9955942758372701,-1
87,86,3.847566804746427,0.9955942758372701,1
87,88,3.864445742703789,0.9932469668373959,-1
88,87,3.864445742703789,0.9932469668373959,1
88,89,3.854067626838922,0.9928832859259951,-1
89,88,3.854067626838922,0.9928832859259951,1
89,90,3.846432834175224,0.98848539635881,-1
90,89,3.846432834175224,0.98848539635881,1
90,91,3.8032946171154545,0.9887390991796311,-1
91,90,3.8032946171154545,0.9887390991796311,1
91,92,3.8320389655086298,0.990998527294879,-1
91,113,4.361236001841862,0.998676048050804,-22
92,61,4.5535999112028,0.9943743039943475,31
92,91,3.8320389655086298,0.990998527294879,1
92,93,3.8214107618084587,0.993710406918402,-1
93,92,3.8214107618084587,0.993710406918402,1
93,94,3.8144414056398412,0.9949233054196771,-1
93,111,4.973447127794847,0.9928957216178868,-18
94,59,4.509301254883427,0.9904489419652075,35
94,93,3.8144414056398412,0.9949233054196771,1
94,95,3.835560285318511,0.9989094247092895,-1
95,94,3.835560285318511,0.9989094247092895,1
95,96,3.796893495980303,0.9962229932222582,-1
95,108,4.9948680968541925,0.9905347444483668,-13
96,57,4.549752935984795,0.9926175279703583,39
96,95,3.796893495980303,0.9962229932222582,1
96,97,3.820673495734265,0.9999478958407666,-1
97,96,3.820673495734265,0.9999478958407666,1
97,98,3.803715393900007,0.9975053199224106,-1
97,105,4.772975283654702,0.9932034287688314,-8
98,54,4.9251653395719535,0.9970437385330134,44
98,97,3.803715393900007,0.9975053199224106,1
98,99,3.877202425714112,0.997912920682369,-1
99,98,3.877202425714112,0.997912920682369,1
99,100,3.8646489195364384,0.9985711013935088,-1
100,99,3.8646489195364384,0.9985711013935088,1
100,101,3.8652516035398983,0.9970603893989722,-1
101,100,3.8652516035398983,0.9970603893989722,1
101,102,3.864532725993981,0.9970270981298335,-1
102,101,3.864532725993981,0.9970270981298335,1
102,103,3.8622700397857583,0.9965779217276506,-1
103,102,3.8622700397857583,0.9965779217276506,1
103,104,3.8470479015821115,0.9973855587324871,-1
104,103,3.8470479015821115,0.9973855587324871,1
104,105,3.80931168806776,0.9997619497739356,-1
105,97,4.772975283654702,0.9932034287688314,8
105,104,3.80931168806776,0.9997619497739356,1
105,106,3.7933916167234565,0.997218362757014,-1
106,105,3.7933916167234565,0.997218362757014,1
106,107,3.8022135762523126,0.9967721570528549,-1
107,106,3.8022135762523126,0.9967721570528549,1
107,108,3.8685056444664414,0.9978473811658394,-1
108,95,4.9948680968541925,0.9905347444483668,13
108,107,3.8685056444664414,0.9978473811658394,1
108,109,3.8358874050499177,0.9976534732877816,-1
109,28,4.907555886153499,0.989672431173795,81
109,108,3.8358874050499177,0.9976534732877816,1
109,110,3.7822835280874947,0.9978644015328021,-1
110,109,3.7822835280874947,0.9978644015328021,1
110,111,3.8486667007624926,0.9904447119984177,-1
111,93,4.973447127794847,0.9928957216178868,18
111,110,3.8486667007624926,0.9904447119984177,1
111,112,3.8335890525189398,0.9935866812076436,-1
112,111,3.8335890525189398,0.9935866812076436,1
112,113,3.821805795487813,0.9868898587744596,-1
113,91,4.361236001841862,0.998676048050804,22
113,112,3.821805795487813,0.9868898587744596,1
113,114,3.8180845937442953,0.9836432402895139,-1
114,36,4.843442757958337,0.9827720881031489,78
114,113,3.8180845937442953,0.9836432402895139,1
114,115,3.8155819175664476,0.9871130055977935,-1
115,37,4.794029725867083,0.9798711961923264,78
115,114,3.8155819175664476,0.9871130055977935,1
115,116,3.8307443073670853,0.9811630276315743,-1
115,203,4.678660187514426,0.9804785069728444,-88
116,115,3.8307443073670853,0.9811630276315743,1
116,117,3.8588270342315583,0.985513926770847,-1
117,39,4.589065892159447,0.9669954491994055,78
117,116,3.8588270342315583,0.985513926770847,1
117,118,3.8408388805121763,0.9805573538234877,-1
117,205,4.5319066138633595,0.9669076447988877,-88
118,117,3.8408388805121763,0.9805573538234877,1
118,119,3.8626214566045154,0.990750728230158,-1
118,206,4.868224718989637,0.9672767454992842,-88
118,207,3.9131266956320703,0.9900851533482533,-89
119,118,3.8626214566045154,0.990750728230158,1
119,120,3.863865086408853,0.9839380300012688,-1
119,206,4.977937213659612,0.9920988201126409,-87
120,119,3.863865086408853,0.9839380300012688,1
120,121,3.86084866990037,0.9839081343616347,-1
120,206,4.111141834443176,0.9940737841290977,-86
121,120,3.86084866990037,0.9839081343616347,1
121,122,3.8387192979664064,0.9991596411144716,-1
122,121,3.8387192979664064,0.9991596411144716,1
122,123,3.842518027648036,0.9701331087905025,-1
122,207,4.463188265221007,0.9591322275379917,-85
123,122,3.842518027648036,0.9701331087905025,1
123,124,3.833385862962694,0.9665599867191415,-1
123,145,4.787975771457351,0.980248806322063,-22
124,123,3.833385862962694,0.9665599867191415,1
124,125,3.8453928025790405,0.9828054503953768,-1
125,124,3.8453928025790405,0.9828054503953768,1
125,126,3.8501951543373094,0.9220953181976261,-1
125,143,4.624762864136582,0.932573841083933,-18
126,125,3.8501951543373094,0.9220953181976261,1
126,127,3.84385450651339,0.922293402815804,-1
127,126,3.84385450651339,0.922293402815804,1
127,128,3.834219893141379,0.9862205181702921,-1
127,130,4.843805017459122,0.9170107852712666,-3
127,141,4.613018288396877,0.8716425163273617,-14
128,127,3.834219893141379,0.9862205181702921,1
128,129,2.9989572389460832,0.9822879698174901,-1
128,130,4.719165768254362,0.9282119437796453,-2
129,128,2.9989572389460832,0.9822879698174901,1
129,130,3.8615501954759472,0.9761830823405035,-1
130,127,4.843805017459122,0.9170107852712666,3
130,128,4.719165768254362,0.9282119437796453,2
130,129,3.8615501954759472,0.9761830823405035,1
130,131,3.860043361155063,0.9753006817782877,-1
131,130,3.860043361155063,0.9753006817782877,1
131,132,3.860063917114612,0.9514948499062911,-1
131,214,4.8176590585123105,0.8749709415603859,-83
132,131,3.860063917114612,0.9514948499062911,1
132,133,3.8308943157500273,0.9446843186163706,-1
132,215,4.9385475247506525,0.902992553782696,-83
133,132,3.8308943157500273,0.9446843186163706,1
133,134,3.8174679634993955,0.9896358110240617,-1
134,133,3.8174679634993955,0.9896358110240617,1
134,135,3.8259359368476646,0.9696715946419915,-1
134,217,4.667156376766,0.9503669985340293,-83
135,134,3.8259359368476646,0.9696715946419915,1
135,136,3.848324524891093,0.9759713302856621,-1
136,135,3.848324524891093,0.9759713302856621,1
136,137,3.876390154075051,0.9750798096669888,-1
136,183,4.6678412123574144,0.9649063886208543,-47
136,184,4.727213356508511,0.994426580251315,-48
137,136,3.876390154075051,0.9750798096669888,1
137,138,3.8558101344143205,0.9760068718437327,-1
138,137,3.8558101344143205,0.9760068718437327,1
138,139,3.8146743456946566,0.9736223301912187,-1
138,182,4.531296089154364,0.943275412847665,-44
139,138,3.8146743456946566,0.9736223301912187,1
139,140,3.8077497241784184,0.9430020620966952,-1
140,139,3.8077497241784184,0.9430020620966952,1
140,141,3.8014399569795954,0.9610432211846032,-1
140,180,4.617988006354019,0.9311895741536378,-40
141,127,4.613018288396877,0.8716425163273617,14
141,140,3.8014399569795954,0.9610432211846032,1
141,142,3.795275691675241,0.9678878826765988,-1
142,141,3.795275691675241,0.9678878826765988,1
142,143,3.768621356928323,0.9487670263853456,-1
142,178,4.4700733177940934,0.9546448258351026,-36
143,125,4.624762864136582,0.932573841083933,18
143,142,3.768621356928323,0.9487670263853456,1
143,144,3.816156117455699,0.991830599709201,-1
144,143,3.816156117455699,0.991830599709201,1
144,145,3.8298773177874526,0.9851018099508545,-1
144,176,4.072961955209187,0.975886776986683,-32
145,123,4.787975771457351,0.980248806322063,22
145,144,3.8298773177874526,0.9851018099508545,1
145,146,3.8189981185133557,0.9987978567427243,-1
146,145,3.8189981185133557,0.9987978567427243,1
146,147,3.8552046574370404,0.9843777705976917,-1
146,174,4.868822063626712,0.9755026407998524,-28
147,146,3.8552046574370404,0.9843777705976917,1
147,148,3.8427297868629076,0.9864267653420028,-1
148,147,3.8427297868629076,0.9864267653420028,1
148,149,3.821885786751864,0.9912453101043784,-1
149,148,3.821885786751864,0.9912453101043784,1
149,150,3.8251285939809274,0.9853863054347527,-1
150,149,3.8251285939809274,0.9853863054347527,1
150,151,3.820387684599519,0.9947500270286697,-1
150,168,4.966773768992877,0.9779276988110032,-18
151,150,3.820387684599519,0.9947500270286697,1
151,152,3.784246565512892,0.9989924863893159,-1
151,167,4.4667333616495455,0.9736541301727836,-16
151,168,4.993771464837499,0.9656542733705908,-17
152,151,3.784246565512892,0.9989924863893159,1
152,153,3.8091973132452317,0.9756265426527897,-1
152,196,4.462732420997762,0.9613039290989508,-44
153,152,3.8091973132452317,0.9756265426527897,1
153,154,3.799068285643431,0.9940610884617654,-1
153,165,4.641906867402554,0.9612656440635844,-12
154,153,3.799068285643431,0.9940610884617654,1
154,155,3.817451613159592,0.9012094796289478,-1
154,194,4.672097004485772,0.8630350230433237,-40
155,154,3.817451613159592,0.9012094796289478,1
155,156,3.820375710156704,0.8866412158490332,-1
155,163,4.566275495992036,0.9789754168714675,-8
156,155,3.820375710156704,0.8866412158490332,1
156,157,3.8136220961578795,0.8494032542183215,-1
156,192,4.49816622087162,0.6477026615940449,-36
157,156,3.8136220961578795,0.8494032542183215,1
157,158,3.851199711971451,0.9594897707995805,-1
158,157,3.851199711971451,0.9594897707995805,1
158,159,3.8481807919751554,0.9627731914154124,-1
159,158,3.8481807919751554,0.9627731914154124,1
159,160,3.8375312921797993,0.9610389143657612,-1
160,159,3.8375312921797993,0.9610389143657612,1
160,161,3.7986958721101236,0.9606540071752362,-1
161,160,3.7986958721101236,0.9606540071752362,1
161,162,3.776987435113193,0.9658367682357873,-1
162,161,3.776987435113193,0.9658367682357873,1
162,163,3.8383455976657825,0.9738034126877255,-1
163,155,4.566275495992036,0.9789754168714675,8
163,162,3.8383455976657825,0.9738034126877255,1
163,164,3.8047937503357625,0.9516678605762023,-1
164,163,3.8047937503357625,0.9516678605762023,1
164,165,3.845012696165676,0.9799366781799025,-1
165,153,4.641906867402554,0.9612656440635844,12
165,164,3.845012696165676,0.9799366781799025,1
165,166,3.8325599577801057,0.9740337060026706,-1
166,165,3.8325599577801057,0.9740337060026706,1
166,167,3.82335599024638,0.9916944415264426,-1
167,151,4.4667333616495455,0.9736541301727836,16
167,166,3.82335599024638,0.9916944415264426,1
167,168,3.824396477195784,0.9805560965141695,-1
168,150,4.966773768992877,0.9779276988110032,18
168,151,4.993771464837499,0.9656542733705908,17
168,167,3.824396477195784,0.9805560965141695,1
168,169,3.8063992628670023,0.9886131986502884,-1
169,168,3.8063992628670023,0.9886131986502884,1
169,170,3.810837959195628,0.9904925280504546,-1
170,169,3.810837959195628,0.9904925280504546,1
170,171,3.817177567043684,0.9885742320292,-1
170,175,4.361526978700361,0.9926098480361243,-5
171,170,3.817177567043684,0.9885742320292,1
171,172,3.8539304318942627,0.9911303709979296,-1
172,171,3.8539304318942627,0.9911303709979296,1
172,173,3.8520580653759184,0.9894769407223734,-1
173,172,3.8520580653759184,0.9894769407223734,1
173,174,3.859228462312961,0.9999218393783991,-1
174,146,4.868822063626712,0.9755026407998524,28
174,173,3.859228462312961,0.9999218393783991,1
174,175,3.8166694473908,0.987799963592841,-1
175,170,4.361526978700361,0.9926098480361243,5
175,174,3.8166694473908,0.987799963592841,1
175,176,3.8416270639707384,0.9915069802635075,-1
176,144,4.072961955209187,0.975886776986683,32
176,175,3.8416270639707384,0.9915069802635075,1
176,177,3.816532948075994,0.979173067162607,-1
177,176,3.816532948075994,0.979173067162607,1
177,178,3.8342629142803015,0.9705570253871844,-1
178,142,4.4700733177940934,0.9546448258351026,36
178,177,3.8342629142803015,0.9705570253871844,1
178,179,3.8337773073079173,0.9714897624827284,-1
179,178,3.8337773073079173,0.9714897624827284,1
179,180,3.8315457587543236,0.9535766159725741,-1
180,140,4.617988006354019,0.9311895741536378,40
180,179,3.8315457587543236,0.9535766159725741,1
180,181,3.8415253140418724,0.9611951392981845,-1
181,180,3.8415253140418724,0.9611951392981845,1
181,182,3.815489992815264,0.9670784976147927,-1
182,138,4.531296089154364,0.943275412847665,44
182,181,3.815489992815264,0.9670784976147927,1
182,183,2.9590607615034528,0.99040033673445,-1
182,184,4.381486478763242,0.9411267097119402,-2
183,136,4.6678412123574144,0.9649063886208543,47
183,182,2.9590607615034528,0.99040033673445,1
183,184,3.823850138287371,0.9786551445864896,-1
184,136,4.727213356508511,0.994426580251315,48
184,182,4.381486478763242,0.9411267097119402,2
184,183,3.823850138287371,0.9786551445864896,1
184,185,3.8319785843552734,0.9572734328637101,-1
185,184,3.8319785843552734,0.9572734328637101,1
185,186,3.8496187380459355,0.9570264712184762,-1
186,185,3.8496187380459355,0.9570264712184762,1
186,187,3.8582732151297248,0.9511536781756564,-1
187,186,3.8582732151297248,0.9511536781756564,1
187,188,3.877481142015246,0.965089866130806,-1
188,187,3.877481142015246,0.965089866130806,1
188,189,3.8639000604701828,0.8952041559283289,-1
189,188,3.8639000604701828,0.8952041559283289,1
189,190,3.8557161094743346,0.8523663477898585,-1
190,189,3.8557161094743346,0.8523663477898585,1
190,191,3.8197323162344414,0.5966657451794286,-1
191,190,3.8197323162344414,0.5966657451794286,1
191,192,3.815835641356263,0.005700984930470744,-1
191,213,4.277917588000473,0.3016339480043255,-22
192,156,4.49816622087162,0.6477026615940449,36
192,191,3.815835641356263,0.005700984930470744,1
192,193,3.8216311280814756,0.959043334120833,-1
193,192,3.8216311280814756,0.959043334120833,1
193,194,3.77809208434175,0.946348751649843,-1
194,154,4.672097004485772,0.8630350230433237,40
194,193,3.77809208434175,0.946348751649843,1
194,195,3.8105689289329567,0.9931980789999832,-1
195,194,3.8105689289329567,0.9931980789999832,1
195,196,3.8239926238343096,0.9925289302538687,-1
196,152,4.462732420997762,0.9613039290989508,44
196,195,3.8239926238343096,0.9925289302538687,1
196,197,3.8321151080525335,0.9932116227730319,-1
197,196,3.8321151080525335,0.9932116227730319,1
197,198,3.820955895493913,0.998448104961856,-1
197,205,4.8921969296113295,0.9684121095965379,-8
198,197,3.820955895493913,0.998448104961856,1
198,199,3.8333833879735186,0.9935071046394367,-1
199,198,3.8333833879735186,0.9935071046394367,1
199,200,3.818358237616061,0.9929990574426263,-1
200,199,3.818358237616061,0.9929990574426263,1
200,201,3.8586016758962547,0.9945968145459412,-1
201,200,3.8586016758962547,0.9945968145459412,1
201,202,3.8721744895496575,0.9929506733315807,-1
202,201,3.8721744895496575,0.9929506733315807,1
202,203,3.8675174046146643,0.9856988695168808,-1
203,115,4.678660187514426,0.9804785069728444,88
203,202,3.8675174046146643,0.9856988695168808,1
203,204,3.855260821187606,0.9833566510215963,-1
204,203,3.855260821187606,0.9833566510215963,1
204,205,3.7945530293522087,0.995912222889311,-1
205,117,4.5319066138633595,0.9669076447988877,88
205,197,4.8921969296113295,0.9684121095965379,8
205,204,3.7945530293522087,0.995912222889311,1
205,206,3.809058430586828,0.9767737169342717,-1
206,118,4.868224718989637,0.9672767454992842,88
206,119,4.977937213659612,0.9920988201126409,87
206,120,4.111141834443176,0.9940737841290977,86
206,205,3.809058430586828,0.9767737169342717,1
206,207,3.7861319489813763,0.9772933063839914,-1
207,118,3.9131266956320703,0.9900851533482533,89
207,122,4.463188265221007,0.9591322275379917,85
207,206,3.7861319489813763,0.9772933063839914,1
207,208,3.867316744119516,0.9996352935159741,-1
208,207,3.867316744119516,0.9996352935159741,1
208,209,3.812852007281816,0.9487013731414345,-1
209,208,3.812852007281816,0.9487013731414345,1
209,210,3.7892277998367523,0.9328649174605822,-1
210,209,3.7892277998367523,0.9328649174605822,1
210,211,3.8424541624687345,0.970478487940014,-1
211,210,3.8424541624687345,0.970478487940014,1
211,212,3.8098934309035015,0.8111364335694367,-1
212,211,3.8098934309035015,0.8111364335694367,1
212,213,3.8139101252065957,0.6099041911861487,-1
213,191,4.277917588000473,0.3016339480043255,22
213,212,3.8139101252065957,0.6099041911861487,1
213,214,3.8205912729984686,0.6532612151135239,-1
214,131,4.8176590585123105,0.8749709415603859,83
214,213,3.8205912729984686,0.6532612151135239,1
214,215,3.8036543918153383,0.9647274784539783,-1
215,132,4.9385475247506525,0.902992553782696,83
215,214,3.8036543918153383,0.9647274784539783,1
215,216,3.8124617655053226,0.9632708293882969,-1
215,301,4.609556111855945,0.8765863339863632,-86
216,215,3.8124617655053226,0.9632708293882969,1
216,217,3.847688715809258,0.9894205060437337,-1
217,134,4.667156376766,0.9503669985340293,83
217,216,3.847688715809258,0.9894205060437337,1
217,218,3.842995508529364,0.9954161753402742,-1
217,303,4.7719082370858334,0.947326203953516,-86
218,217,3.842995508529364,0.9954161753402742,1
218,219,3.90154814327687,0.9769850342320597,-1
218,304,4.772584288935202,0.9656915148268173,-86
218,305,3.830309433249415,0.9839827667288623,-87
219,218,3.90154814327687,0.9769850342320597,1
219,220,3.882217430440454,0.9878435795005313,-1
220,219,3.882217430440454,0.9878435795005313,1
220,221,3.8615824736300444,0.9937849777513555,-1
220,304,4.2360245436101165,0.9836794328627915,-84
221,220,3.8615824736300444,0.9937849777513555,1
221,222,3.849929336905095,0.9866922308555197,-1
222,221,3.849929336905095,0.9866922308555197,1
222,223,3.8518534852326054,0.9885593410636564,-1
222,305,4.4434366171610735,0.9929408326915076,-83
223,222,3.8518534852326054,0.9885593410636564,1
223,224,3.839348369685763,0.9951110068088319,-1
223,245,4.8219404997822854,0.9881358718503429,-22
224,223,3.839348369685763,0.9951110068088319,1
224,225,3.8455971624064347,0.9902035456653261,-1
225,224,3.8455971624064347,0.9902035456653261,1
225,226,3.8424959458131194,0.9972911919345608,-1
225,243,4.565982179322362,0.9863414663957416,-18
226,225,3.8424959458131194,0.9972911919345608,1
226,227,3.8427438372209126,0.9932321692855184,-1
227,226,3.8427438372209126,0.9932321692855184,1
227,228,3.8305625826593093,0.9967693005683305,-1
227,230,4.766997185840223,0.9977660791713281,-3
227,241,4.505259548672719,0.9960121528521532,-14
228,227,3.8305625826593093,0.9967693005683305,1
228,229,3.015424121031913,0.9992360214536464,-1
228,230,4.592858665755123,0.9923161041548895,-2
229,228,3.015424121031913,0.9992360214536464,1
229,230,3.856558242448906,0.994991285360712,-1
230,227,4.766997185840223,0.9977660791713281,3
230,228,4.592858665755123,0.9923161041548895,2
230,229,3.856558242448906,0.994991285360712,1
230,231,3.8599162240589955,0.9959169103171377,-1
231,230,3.8599162240589955,0.9959169103171377,1
231,232,3.869580370466994,0.99689350314161,-1
231,312,4.620650128646707,0.9942675716016207,-81
232,231,3.869580370466994,0.99689350314161,1
232,233,3.8237194829602097,0.9948176599915918,-1
232,313,4.9433838743860505,0.9935871629804467,-81
233,232,3.8237194829602097,0.9948176599915918,1
233,234,3.808558182229468,0.9963093331039424,-1
234,233,3.808558182229468,0.9963093331039424,1
234,235,3.825575177360829,0.9957439150530344,-1
234,315,4.612558336667377,0.9930196769669989,-81
235,234,3.825575177360829,0.9957439150530344,1
235,236,3.840930569725142,0.9947859670710939,-1
236,235,3.840930569725142,0.9947859670710939,1
236,237,3.862808015173036,0.9946615491578593,-1
236,283,4.456954228742838,0.997827113007046,-47
237,236,3.862808015173036,0.9946615491578593,1
237,238,3.828216628579282,0.9971140087607877,-1
238,237,3.828216628579282,0.9971140087607877,1
238,239,3.82984170851335,0.9960121037254412,-1
238,282,4.706200461940113,0.9961809224292835,-44
238,283,4.233501351146186,0.9928614328702837,-45
239,238,3.82984170851335,0.9960121037254412,1
239,240,3.796699808484436,0.9943788403203794,-1
240,239,3.796699808484436,0.9943788403203794,1
240,241,3.806998282508114,0.9949589329934284,-1
240,280,4.255897606722356,0.9921085866243744,-40
241,227,4.505259548672719,0.9960121528521532,14
241,240,3.806998282508114,0.9949589329934284,1
241,242,3.7952825005569104,0.9910567289604606,-1
241,279,4.9955725550380885,0.9864730174319821,-38
242,241,3.7952825005569104,0.9910567289604606,1
242,243,3.7951033215775523,0.9944915123335031,-1
242,278,4.437277278511482,0.9878614528986348,-36
243,225,4.565982179322362,0.9863414663957416,18
243,242,3.7951033215775523,0.9944915123335031,1
243,244,3.8289174002527893,0.9913525345594787,-1
244,243,3.8289174002527893,0.9913525345594787,1
244,245,3.8263445867788226,0.9902656305123423,-1
244,276,4.182814769339451,0.9884861989675674,-32
245,223,4.8219404997822854,0.9881358718503429,22
245,244,3.8263445867788226,0.9902656305123423,1
245,246,3.8270703502132406,0.9938251083375957,-1
246,245,3.8270703502132406,0.9938251083375957,1
246,247,3.826074906405531,0.9968454680107551,-1
246,274,4.526140974747351,0.9906869482713088,-28
247,246,3.826074906405531,0.9968454680107551,1
247,248,3.826009246557852,0.9895458329602868,-1
248,247,3.826009246557852,0.9895458329602868,1
248,249,3.8175811231837273,0.997600112929636,-1
249,248,3.8175811231837273,0.997600112929636,1
249,250,3.8236115523371073,0.9853369119054618,-1
250,249,3.8236115523371073,0.9853369119054618,1
250,251,3.8321905802310403,0.9883531487036047,-1
251,250,3.8321905802310403,0.9883531487036047,1
251,252,3.8008716248574506,0.9815154282914417,-1
251,266,4.467504206919649,0.986747822308091,-15
252,251,3.8008716248574506,0.9815154282914417,1
252,253,3.81947854170688,0.986602576676317,-1
252,294,4.562472864555175,0.9732387178994295,-42
253,252,3.81947854170688,0.986602576676317,1
253,254,3.8189312440047996,0.9835385104286231,-1
253,264,4.4463387918276,0.9687415249070643,-11
254,253,3.8189312440047996,0.9835385104286231,1
254,255,3.811731423546831,0.981814299562158,-1
254,292,4.627083961936552,0.9764518197521631,-38
255,254,3.811731423546831,0.981814299562158,1
255,256,3.8326890785336234,0.987438687254813,-1
255,262,4.830499511565178,0.9705998087151761,-7
256,255,3.8326890785336234,0.987438687254813,1
256,257,3.8146425132259596,0.9827777831442747,-1
256,290,4.55599427569833,0.9875424767631225,-34
257,256,3.8146425132259596,0.9827777831442747,1
257,258,3.8547492864315704,0.9824725392687963,-1
258,257,3.8547492864315704,0.9824725392687963,1
258,259,3.8546178599193426,0.9821604721776647,-1
259,258,3.8546178599193426,0.9821604721776647,1
259,260,3.8295183236573695,0.9901053624706211,-1
260,259,3.8295183236573695,0.9901053624706211,1
260,261,3.860590669407868,0.9700487091213199,-1
261,260,3.860590669407868,0.9700487091213199,1
261,262,3.80514091820403,0.9700040071897585,-1
262,255,4.830499511565178,0.9705998087151761,7
262,261,3.80514091820403,0.9700040071897585,1
262,263,3.832613170618142,0.9856049674157953,-1
263,262,3.832613170618142,0.9856049674157953,1
263,264,3.8399765060719626,0.9771548938176855,-1
264,253,4.4463387918276,0.9687415249070643,11
264,263,3.8399765060719626,0.9771548938176855,1
264,265,3.82628645270256,0.9944632313409932,-1
265,264,3.82628645270256,0.9944632313409932,1
265,266,3.842357013392406,0.9863061220752263,-1
266,251,4.467504206919649,0.986747822308091,15
266,265,3.842357013392406,0.9863061220752263,1
266,267,3.8031439864620826,0.9913038986447453,-1
267,266,3.8031439864620826,0.9913038986447453,1
267,268,3.837081855897048,0.9997338349403406,-1
268,267,3.837081855897048,0.9997338349403406,1
268,269,3.822773665407757,0.9947199843048642,-1
269,268,3.822773665407757,0.9947199843048642,1
269,270,3.846746323834965,0.9971230039427245,-1
269,275,4.500499084350565,0.9921718866131215,-6
270,269,3.846746323834965,0.9971230039427245,1
270,271,3.8459547489864816,0.9990738678491946,-1
271,270,3.8459547489864816,0.9990738678491946,1
271,272,3.858238694313285,0.9946479810918889,-1
272,271,3.858238694313285,0.9946479810918889,1
272,273,3.9027358435745563,0.9971035392327499,-1
273,272,3.9027358435745563,0.9971035392327499,1
273,274,3.835834768462957,0.9964135994821138,-1
274,246,4.526140974747351,0.9906869482713088,28
274,273,3.835834768462957,0.9964135994821138,1
274,275,3.80635124260012,0.9974380123214587,-1
275,269,4.500499084350565,0.9921718866131215,6
275,274,3.80635124260012,0.9974380123214587,1
275,276,3.816681346195755,0.9908417066583161,-1
276,244,4.182814769339451,0.9884861989675674,32
276,275,3.816681346195755,0.9908417066583161,1
276,277,3.8087234729612445,0.9920091816260267,-1
277,276,3.8087234729612445,0.9920091816260267,1
277,278,3.821955496810133,0.9920223837146948,-1
278,242,4.437277278511482,0.9878614528986348,36
278,277,3.821955496810133,0.9920223837146948,1
278,279,3.8318919693407536,0.9922403312531246,-1
279,241,4.9955725550380885,0.9864730174319821,38
279,278,3.8318919693407536,0.9922403312531246,1
279,280,3.8466594007224293,0.9946266656416862,-1
280,240,4.255897606722356,0.9921085866243744,40
280,279,3.8466594007224293,0.9946266656416862,1
280,281,3.8450370772084073,0.9908473479649614,-1
281,280,3.8450370772084073,0.9908473479649614,1
281,282,3.834555678596788,0.9973127922592537,-1
282,238,4.706200461940113,0.9961809224292835,44
282,281,3.834555678596788,0.9973127922592537,1
282,283,3.852235243341366,0.9961209926525911,-1
283,236,4.456954228742838,0.997827113007046,47
283,238,4.233501351146186,0.9928614328702837,45
283,282,3.852235243341366,0.9961209926525911,1
283,284,3.805339250384454,0.9936672775375609,-1
284,283,3.805339250384454,0.9936672775375609,1
284,285,3.8474871338607697,0.9931521392182006,-1
285,284,3.8474871338607697,0.9931521392182006,1
285,286,3.8311283970438983,0.9945620280694011,-1
286,285,3.8311283970438983,0.9945620280694011,1
286,287,3.8101113568576768,0.9921546778005979,-1
287,286,3.8101113568576768,0.9921546778005979,1
287,288,3.818030958432084,0.9974961988769472,-1
287,313,4.553424472764932,0.9953948770289368,-26
288,287,3.818030958432084,0.9974961988769472,1
288,289,3.804998326967208,0.990833195730406,-1
289,288,3.804998326967208,0.990833195730406,1
289,290,3.806560707338005,0.9910002888407197,-1
289,311,4.306731301495472,0.9982453829308714,-22
290,256,4.55599427569833,0.9875424767631225,34
290,289,3.806560707338005,0.9910002888407197,1
290,291,3.823933722837602,0.9886999873832547,-1
291,290,3.823933722837602,0.9886999873832547,1
291,292,3.7900698549111516,0.9845733866181204,-1
292,254,4.627083961936552,0.9764518197521631,38
292,291,3.7900698549111516,0.9845733866181204,1
292,293,3.8252744911506364,0.9874045004243015,-1
293,292,3.8252744911506364,0.9874045004243015,1
293,294,3.832874400534368,0.9801145696548672,-1
294,252,4.562472864555175,0.9732387178994295,42
294,293,3.832874400534368,0.9801145696548672,1
294,295,3.842730484394229,0.9847890418381372,-1
295,294,3.842730484394229,0.9847890418381372,1
295,296,3.8288922643566154,0.9785642144634299,-1
295,303,4.793436106514557,0.9649996009806262,-8
296,295,3.8288922643566154,0.9785642144634299,1
296,297,3.857918132377613,0.9773971605383623,-1
297,296,3.857918132377613,0.9773971605383623,1
297,298,3.8309615943953315,0.9773379120230219,-1
298,297,3.8309615943953315,0.9773379120230219,1
298,299,3.8681012548144604,0.9847832030740811,-1
299,298,3.8681012548144604,0.9847832030740811,1
299,300,3.8701074390248955,0.9654135607649104,-1
300,299,3.8701074390248955,0.9654135607649104,1
300,301,3.8744666356551356,0.9684668774694566,-1
301,215,4.609556111855945,0.8765863339863632,86
301,300,3.8744666356551356,0.9684668774694566,1
301,302,3.8635450253617174,0.9784521395680736,-1
302,301,3.8635450253617174,0.9784521395680736,1
302,303,3.8045392827490083,0.9739499247138879,-1
303,217,4.7719082370858334,0.947326203953516,86
303,295,4.793436106514557,0.9649996009806262,8
303,302,3.8045392827490083,0.9739499247138879,1
303,304,3.814982927473681,0.9958029321932189,-1
304,218,4.772584288935202,0.9656915148268173,86
304,220,4.2360245436101165,0.9836794328627915,84
304,303,3.814982927473681,0.9958029321932189,1
304,305,3.780144532481182,0.9831872327792028,-1
305,218,3.830309433249415,0.9839827667288623,87
305,222,4.4434366171610735,0.9929408326915076,83
305,304,3.780144532481182,0.9831872327792028,1
305,306,3.844977074333351,0.981834591531922,-1
306,305,3.844977074333351,0.981834591531922,1
306,307,3.7951160167928752,0.9970554141545536,-1
307,306,3.7951160167928752,0.9970554141545536,1
307,308,3.7923016486737127,0.9937032390455248,-1
308,307,3.7923016486737127,0.9937032390455248,1
308,309,3.8537678940903852,0.9891953470480311,-1
309,308,3.8537678940903852,0.9891953470480311,1
309,310,3.823146697850842,0.9929966642031429,-1
310,309,3.823146697850842,0.9929966642031429,1
310,311,3.8229296267351445,0.9924290555786072,-1
311,289,4.306731301495472,0.9982453829308714,22
311,310,3.8229296267351445,0.9924290555786072,1
311,312,3.8306127569819632,0.9926880177231197,-1
312,231,4.620650128646707,0.9942675716016207,81
312,311,3.8306127569819632,0.9926880177231197,1
312,313,3.8449281272006557,0.9966802805171938,-1
313,232,4.9433838743860505,0.9935871629804467,81
313,287,4.553424472764932,0.9953948770289368,26
313,312,3.8449281272006557,0.9966802805171938,1
313,314,3.8292387268637507,0.9950332511411351,-1
314,313,3.8292387268637507,0.9950332511411351,1
314,315,3.8438198154390157,0.9997423286797463,-1
315,234,4.612558336667377,0.9930196769669989,81
315,314,3.8438198154390157,0.9997423286797463,1
315,316,3.8412652269734866,0.9973572610139787,-1
316,315,3.8412652269734866,0.9973572610139787,1
316,317,3.822544526586874,0.9957634459214628,-1
317,316,3.822544526586874,0.9957634459214628,1
317,318,3.878939038217886,0.9965063478497903,-1
318,317,3.878939038217886,0.9965063478497903,1
318,319,3.8561736379609712,0.9988643544998678,-1
319,318,3.8561736379609712,0.9988643544998678,1
319,320,3.881077548010398,0.9971727426280539,-1
320,319,3.881077548010398,0.9971727426280539,1
320,321,3.8700045412132655,0.9970259920159835,-1
321,320,3.8700045412132655,0.9970259920159835,1
321,322,3.81388043020211,0.996094072881641,-1
322,321,3.81388043020211,0.996094072881641,1
322,323,3.8007235727457362,0.9988521386181083,-1
323,322,3.8007235727457362,0.9988521386181083,1
323,324,3.811491791771551,0.9971458494469182,-1
324,323,3.811491791771551,0.9971458494469182,1
324,325,3.831207969210007,0.9968618853194932,-1
325,324,3.831207969210007,0.9968618853194932,1
325,326,3.805567331051554,0.9991238452335102,-1
326,325,3.805567331051554,0.9991238452335102,1
326,327,3.781543859034585,0.9974975430707723,-1
327,326,3.781543859034585,0.9974975430707723,1
327,328,3.819371678959014,0.9972443140311799,-1
328,327,3.819371678959014,0.9972443140311799,1
328,329,3.7964930031585813,0.9998568116139975,-1
329,328,3.7964930031585813,0.9998568116139975,1
329,330,3.779570815275917,0.9975770365550493,-1
330,329,3.779570815275917,0.9975770365550493,1
330,331,3.7857540863001073,0.9984528971855979,-1
331,330,3.7857540863001073,0.9984528971855979,1
331,332,3.7525373631845866,0.9979606520066565,-1
332,331,3.7525373631845866,0.9979606520066565,1
332,333,3.813870829651058,0.9986269704307783,-1
333,332,3.813870829651058,0.9986269704307783,1
333,334,3.8046948116994193,0.9985706736102185,-1
334,333,3.8046948116994193,0.9985706736102185,1
334,335,3.8962960129754305,0.9981732989772447,-1
335,334,3.8962960129754305,0.9981732989772447,1
335,336,3.8578623713842943,0.9981491087603437,-1
336,335,3.8578623713842943,0.9981491087603437,1
336,337,3.850789182053557,0.9986900740617386,-1
337,336,3.850789182053557,0.9986900740617386,1
337,338,3.8562137392254754,0.9989092093238034,-1
338,337,3.8562137392254754,0.9989092093238034,1
338,339,3.8459034054509478,0.9980953567396749,-1
339,338,3.8459034054509478,0.9980953567396749,1
339,340,3.85340350078129,0.997591411242987,-1
340,339,3.85340350078129,0.997591411242987,1
340,341,3.865510370030167,0.9997491779066152,-1
341,340,3.865510370030167,0.9997491779066152,1
341,342,3.8497521791874654,0.997322634087541,-1
342,341,3.8497521791874654,0.997322634087541,1
342,343,3.847693632052315,0.9990406943939453,-1
343,342,3.847693632052315,0.9990406943939453,1
343,344,3.848033801991166,0.9973880715408713,-1
344,343,3.848033801991166,0.9973880715408713,1
344,345,3.8539944972157505,0.9997241549975999,-1
345,344,3.8539944972157505,0.9997241549975999,1
345,346,3.85949271821989,0.9972054552910357,-1
346,345,3.85949271821989,0.9972054552910357,1
346,347,3.8624232105315466,0.9986864827637943,-1
347,346,3.8624232105315466,0.9986864827637943,1
347,348,3.8579276445802484,0.9982339132984762,-1
348,347,3.8579276445802484,0.9982339132984762,1
348,349,3.858471685139953,0.998120362730244,-1
349,348,3.858471685139953,0.998120362730244,1
349,350,3.841187717259611,0.998934726824109,-1
350,349,3.841187717259611,0.998934726824109,1
350,351,3.8535923492427306,0.9975070570085233,-1
351,350,3.8535923492427306,0.9975070570085233,1
351,352,3.854456711164574,0.9992464229526701,-1
352,351,3.854456711164574,0.9992464229526701,1
352,353,3.8455886288069325,0.9968991540805332,-1
353,352,3.8455886288069325,0.9968991540805332,1
353,354,3.855061780905577,0.9997944379005776,-1
354,353,3.855061780905577,0.9997944379005776,1
354,355,3.8591590891384304,0.9973367961226811,-1
355,354,3.8591590891384304,0.9973367961226811,1
355,356,3.8407050801095255,0.998655249940347,-1
356,355,3.8407050801095255,0.998655249940347,1
356,357,3.836395079652818,0.9982542904040692,-1
357,356,3.836395079652818,0.9982542904040692,1
357,358,3.853021271245974,0.9987987754299629,-1
358,357,3.853021271245974,0.9987987754299629,1
358,359,3.8522504346830426,0.9982438585906518,-1
358,361,4.950863883423348,0.9959465566031346,-3
359,358,3.8522504346830426,0.9982438585906518,1
359,360,3.8327046608327078,0.9974390175987988,-1
360,359,3.8327046608327078,0.9974390175987988,1
360,361,3.859902817025688,0.9998360607215897,-1
361,358,4.950863883423348,0.9959465566031346,3
361,360,3.859902817025688,0.9998360607215897,1
361,362,3.841319843533728,0.9977776707049627,-1
361,364,4.96225729585908,0.9959149434296289,-3
362,361,3.841319843533728,0.9977776707049627,1
362,363,3.8425802161914575,0.9986720577936081,-1
363,362,3.8425802161914575,0.9986720577936081,1
363,364,3.853154559607059,0.9977028220846036,-1
364,361,4.96225729585908,0.9959149434296289,3
364,363,3.853154559607059,0.9977028220846036,1
364,365,3.8400515892600295,0.9998045436925894,-1
365,364,3.8400515892600295,0.9998045436925894,1
365,366,3.860026520830058,0.99783710175685,-1
366,365,3.860026520830058,0.99783710175685,1
366,367,3.8552527472726963,0.9979818961338154,-1
367,366,3.8552527472726963,0.9979818961338154,1
367,368,3.83686504788425,0.999364826320844,-1
368,367,3.83686504788425,0.999364826320844,1
368,369,3.8585133655806647,0.9987019150172769,-1
369,368,3.8585133655806647,0.9987019150172769,1
369,370,3.852980736349887,0.9982817809510125,-1
370,369,3.852980736349887,0.9982817809510125,1
370,371,3.8749576878580583,0.9981439749012694,-1
371,370,3.8749576878580583,0.9981439749012694,1
371,372,3.877033833293149,0.999802590770084,-1
372,371,3.877033833293149,0.999802590770084,1
372,373,3.8762935348739083,0.9983570056886483,-1
373,372,3.8762935348739083,0.9983570056886483,1
373,374,3.85723890980322,0.9983044223086754,-1
374,373,3.85723890980322,0.9983044223086754,1
374,375,3.8056551836307615,0.9999841226839813,-1
375,374,3.8056551836307615,0.9999841226839813,1
375,376,3.8734834036648773,0.9985655752450093,-1
376,375,3.8734834036648773,0.9985655752450093,1
376,377,3.813931863333866,0.9987637460336511,-1
377,376,3.813931863333866,0.9987637460336511,1
377,378,3.7901453032896817,0.9988406032175984,-1
378,377,3.7901453032896817,0.9988406032175984,1
378,379,3.7555293726997694,0.9988895161352193,-1
379,378,3.7555293726997694,0.9988895161352193,1
379,380,3.7669141084863442,0.9987465602128545,-1
380,379,3.7669141084863442,0.9987465602128545,1
380,381,3.682145029680144,0.9988028667629318,-1
381,380,3.682145029680144,0.9988028667629318,1
381,382,3.783215173114399,0.9990615111028011,-1
382,381,3.783215173114399,0.9990615111028011,1
382,383,3.7633102162371315,0.9986726464298303,-1
383,382,3.7633102162371315,0.9986726464298303,1
383,384,3.7799404227275004,0.9987902140600174,-1
384,383,3.7799404227275004,0.9987902140600174,1
384,385,3.772442243364978,0.9988718987381995,-1
385,384,3.772442243364978,0.9988718987381995,1
385,386,3.7790210220391,0.998806645026129,-1
386,385,3.7790210220391,0.998806645026129,1
386,387,3.8194252618282016,0.99962082674724,-1
387,386,3.8194252618282016,0.99962082674724,1
387,388,3.793882386867555,0.9987831903437853,-1
388,387,3.793882386867555,0.9987831903437853,1
388,389,3.8144580667536534,0.9997110494605989,-1
389,388,3.8144580667536534,0.9997110494605989,1
389,390,3.800613781229971,0.9986366549043529,-1
390,389,3.800613781229971,0.9986366549043529,1
390,391,3.828603621395209,0.9981604020769067,-1
391,390,3.828603621395209,0.9981604020769067,1
391,392,3.8616985469345884,0.9999783256502468,-1
392,391,3.8616985469345884,0.9999783256502468,1
392,393,3.855206382454429,0.9973084739142395,-1
393,392,3.855206382454429,0.9973084739142395,1
393,394,3.8220506488473487,0.997251677805635,-1
394,393,3.8220506488473487,0.997251677805635,1
394,395,3.8380302263296007,0.998938680710896,-1
395,394,3.8380302263296007,0.998938680710896,1
395,396,3.822974076634966,0.9967212644322235,-1
396,395,3.822974076634966,0.9967212644322235,1
396,397,3.825448778720519,0.9992431355542409,-1
397,396,3.825448778720519,0.9992431355542409,1
397,398,3.8137765347608816,0.9962521184399115,-1
398,397,3.8137765347608816,0.9962521184399115,1
398,399,3.8424128783496716,0.9966393882004816,-1
399,398,3.8424128783496716,0.9966393882004816,1
399,400,3.8527242929475727,0.9972942927096848,-1
400,399,3.8527242929475727,0.9972942927096848,1
400,401,3.826012827761797,0.9961746805492393,-1
401,400,3.826012827761797,0.9961746805492393,1
401,402,3.8066428443435045,0.9969614140435216,-1
402,401,3.8066428443435045,0.9969614140435216,1
402,403,3.822600307668044,0.9953001369000971,-1
403,402,3.822600307668044,0.9953001369000971,1
403,404,3.832080581933465,0.9953651488707059,-1
404,403,3.832080581933465,0.9953651488707059,1
404,405,3.8279108540810367,0.9966323480840397,-1
405,404,3.8279108540810367,0.9966323480840397,1
405,406,3.8077197733540076,0.9972169516773925,-1
406,405,3.8077197733540076,0.9972169516773925,1
406,407,3.823346627262311,0.9965707250837046,-1
407,406,3.823346627262311,0.9965707250837046,1
407,408,3.839207453004873,0.9957469095340984,-1
408,407,3.839207453004873,0.9957469095340984,1
408,409,3.826293942145822,0.9952674441594256,-1
409,408,3.826293942145822,0.9952674441594256,1
409,410,3.8504942726741644,0.9951674314881633,-1
410,409,3.8504942726741644,0.9951674314881633,1
410,411,3.816268979155855,0.9958704384746512,-1
411,410,3.816268979155855,0.9958704384746512,1
411,412,3.850044887245908,0.9964509050983826,-1
412,411,3.850044887245908,0.9964509050983826,1
412,413,3.8653802209531216,0.9954593031631127,-1
413,412,3.8653802209531216,0.9954593031631127,1
413,414,3.83002531832126,0.9964759616214639,-1
414,413,3.83002531832126,0.9964759616214639,1
414,415,3.8301685476604015,0.996456447163379,-1
415,414,3.8301685476604015,0.996456447163379,1
415,416,3.8064435440260818,0.9975249768217087,-1
416,415,3.8064435440260818,0.9975249768217087,1
416,417,3.847252925415129,0.996244657984161,-1
417,416,3.847252925415129,0.996244657984161,1
417,418,3.815357404437928,0.9956577417139721,-1
418,417,3.815357404437928,0.9956577417139721,1
418,419,3.8068540353556455,0.9956956881742913,-1
419,418,3.8068540353556455,0.9956956881742913,1
419,420,3.8627397309159117,0.9968980156327277,-1
420,419,3.8627397309159117,0.9968980156327277,1
420,421,3.8475096535131343,0.9964044306685835,-1
421,420,3.8475096535131343,0.9964044306685835,1
421,422,3.82847515098646,0.9958731744053787,-1
422,421,3.82847515098646,0.9958731744053787,1
422,423,3.840609477031239,0.9964873106518889,-1
423,422,3.840609477031239,0.9964873106518889,1
423,424,3.8239632411382964,0.9976664353803281,-1
424,423,3.8239632411382964,0.9976664353803281,1
424,425,3.819127895704016,0.9965068119442173,-1
425,424,3.819127895704016,0.9965068119442173,1
425,426,3.829780091046767,0.997195822395501,-1
426,425,3.829780091046767,0.997195822395501,1
426,427,3.8174733604606645,0.9960461424268966,-1
427,426,3.8174733604606645,0.9960461424268966,1
427,428,3.828613481141086,0.9964308694286013,-1
428,427,3.828613481141086,0.9964308694286013,1
428,429,3.8300315906905937,0.9966884148650611,-1
429,428,3.8300315906905937,0.9966884148650611,1
429,430,3.820175922094159,0.9965957134846543,-1
430,429,3.820175922094159,0.9965957134846543,1
430,431,3.8531306241334637,0.998795257763543,-1
431,430,3.8531306241334637,0.998795257763543,1
431,432,3.83808040825756,0.9967078290807488,-1
432,431,3.83808040825756,0.9967078290807488,1
432,433,3.8205588160906028,0.9967833087029013,-1
433,432,3.8205588160906028,0.9967833087029013,1
433,434,3.845990362368605,0.9983831898604566,-1
434,433,3.845990362368605,0.9983831898604566,1
434,435,3.862699231361359,0.9971233525574267,-1
435,434,3.862699231361359,0.9971233525574267,1
435,436,3.8255090703352854,0.9976238452716368,-1
436,435,3.8255090703352854,0.9976238452716368,1
436,437,3.7873096577029584,0.9971704915628875,-1
437,436,3.7873096577029584,0.9971704915628875,1
437,438,3.821009463057824,0.9978843342223501,-1
438,437,3.821009463057824,0.9978843342223501,1
438,439,3.785101508397473,0.9974505279031943,-1
439,438,3.785101508397473,0.9974505279031943,1
439,440,3.816684791077379,0.9978729251086912,-1
440,439,3.816684791077379,0.9978729251086912,1
